pv_bus,penetration,scenario_count,feasible_scenario_count,all_scenarios_feasible,mean_P_loss,max_P_loss,min_Vmin,max_Vmax,max_Vdev,mean_P_grid,max_voltage_violation
8,0.8,3,2,0,0.130140706267417,0.164593337554431,0.942615485439466,1.01105603321361,0.0573845145605338,0.873140702097714,0.00738451456053391
7,0.8,3,2,0,0.114920538007303,0.153794591443095,0.942398923564927,1.00197109959774,0.057601076435073,0.857920533811408,0.00760107643507291
9,0.8,3,2,0,0.159698727606029,0.190086791277015,0.942099341242662,1.02411453641927,0.0579006587573375,0.902698720267664,0.00790065875733792
10,0.8,3,2,0,0.190765611776734,0.217986363915276,0.941536744215741,1.0372584163381,0.0584632557842594,0.933765592240357,0.00846325578425899
11,0.8,3,2,0,0.196722409336609,0.223468235009127,0.941444866557303,1.03990269275993,0.0585551334426975,0.939722386381732,0.00855513344269698
12,0.8,3,2,0,0.208477883522793,0.234481085673151,0.941260233527442,1.04498334460355,0.0587397664725583,0.951477851691798,0.00873976647255792
8,0.75,3,2,0,0.124685807933108,0.162069587050995,0.940046450012204,1.00771174871944,0.0599535499877961,1.05343580334638,0.00995354998779596
9,0.75,3,2,0,0.149486718499419,0.182848783096941,0.939625611221356,1.01980566019496,0.0603743887786441,1.07823671177925,0.0103743887786439
7,0.75,3,2,0,0.112579821554931,0.154255102326309,0.939552491388098,1,0.0604475086119015,1.0413298167173,0.0104475086119019
10,0.75,3,2,0,0.175920745972826,0.206107152964318,0.939156441171146,1.03203429441835,0.0608435588288538,1.10467073222954,0.0108435588288539
11,0.75,3,2,0,0.181044765627767,0.210752508033842,0.939078451574298,1.034505416941,0.0609215484257021,1.10979475001623,0.0109215484257019
12,0.75,3,2,0,0.191220568205706,0.220172068465683,0.938920258808264,1.03926193310276,0.0610797411917362,1.11997054776661,0.0110797411917359
6,0.8,3,2,0,0.111939245096518,0.152527818182706,0.938765294056641,1.00133552805755,0.061234705943359,0.854939240752136,0.011234705943359
26,0.8,3,2,0,0.115833666097934,0.154936962618054,0.938721202615665,1.00354372032404,0.0612787973843349,0.858833662089563,0.0112787973843349
27,0.8,3,2,0,0.121952711533513,0.159194678066188,0.93864297659733,1.00671030407354,0.0613570234026697,0.864952707749563,0.01135702340267
28,0.8,3,2,0,0.147767322676403,0.179186757363247,0.938208743163914,1.01671001707481,0.0617912568360857,0.890767317305481,0.011791256836086
29,0.8,3,2,0,0.169174066604699,0.197136590350582,0.937820595078556,1.02435174146821,0.0621794049214436,0.912174056377446,0.012179404921444
30,0.8,3,2,0,0.184344550271922,0.210846870491261,0.93756671159276,1.03029762999937,0.0624332884072403,0.927344534532607,0.01243328840724
8,0.7,3,2,0,0.120485667961768,0.16087003946395,0.937452438536968,1.00433943877453,0.0625475614630316,1.23498566279779,0.0125475614630319
9,0.7,3,2,0,0.140832973055642,0.177256962880612,0.937120449669287,1.01545118541174,0.0628795503307132,1.25533296642895,0.012879550330713
31,0.8,3,2,0,0.220896859092944,0.246770971609044,0.936755921602721,1.04265785985037,0.0632440783972794,0.963896827035646,0.0132440783972789
10,0.7,3,2,0,0.162897770300212,0.196153946028779,0.936739128913087,1.02674438537911,0.0632608710869129,1.27739775951397,0.013260871086913
7,0.7,3,2,0,0.111255946339097,0.15578778031515,0.936683318471843,1,0.0633166815281571,1.22575594069976,0.0133166815281569
11,0.7,3,2,0,0.16723184409097,0.20000800572029,0.936674317435311,1.02903884678473,0.0633256825646886,1.2817318322873,0.0133256825646889
12,0.7,3,2,0,0.175905121591442,0.207915536131171,0.936541293331624,1.03346445245322,0.0634587066683759,1.2904051071906,0.013458706668376
32,0.8,3,2,0,0.234084036083957,0.260255024086922,0.936432564985416,1.04663396282446,0.0635674350145844,0.977084009822704,0.0135674350145839
6,0.75,3,2,0,0.11047568645423,0.153823190110617,0.93610193128961,1,0.0638980687103899,1.03922568127501,0.01389806871039
26,0.75,3,2,0,0.113480610642754,0.155392418272373,0.936073432882051,1.00088673587631,0.0639265671179485,1.04223060588576,0.0139265671179489
27,0.75,3,2,0,0.118332674813675,0.158438807651006,0.936017690856544,1.00376075108188,0.0639823091434558,1.04708267038622,0.013982309143456
13,0.7,3,2,0,0.212571413854448,0.242587110854574,0.935817352081266,1.04968120878213,0.0641826479187341,1.32707138067389,0.0141826479187339
28,0.75,3,2,0,0.139323162832005,0.173716976568122,0.935685753497478,1.01273188745084,0.0643142465025222,1.06807315744381,0.014314246502522
29,0.75,3,2,0,0.157109473858179,0.188065628206493,0.935375427605337,1.01964074264316,0.0646245723946631,1.08585946537204,0.014624572394663
30,0.75,3,2,0,0.170033771932311,0.199517063246168,0.935163176440295,1.02513186720821,0.064836823559705,1.0987837602399,0.0148368235597049
8,0.65,3,2,0,0.117566067995796,0.161023106622325,0.934832859530914,1.00093849013291,0.0651671404690863,1.41781606207606,0.015167140469086
9,0.65,3,2,0,0.133777449292258,0.173355387351824,0.934582941312317,1.01104985794149,0.0654170586876832,1.43402744239627,0.0154170586876829
31,0.75,3,2,0,0.201960131628688,0.230672322493375,0.934460297110564,1.03673095959604,0.0655397028894357,1.1307100957264,0.015539702889436
10,0.65,3,2,0,0.151751618006737,0.188187341526045,0.934283552450998,1.0213865450953,0.0657164475490017,1.45200160852615,0.0157164475490019
11,0.65,3,2,0,0.155341436457391,0.191298457070307,0.934231153167106,1.02350066551683,0.0657688468328944,1.45559142640925,0.0157688468328939
32,0.75,3,2,0,0.213630547300588,0.242572136904939,0.934175144585201,1.04048935128596,0.0658248554147994,1.14238051342606,0.0158248554147989
12,0.65,3,2,0,0.16259471970684,0.197781100684329,0.934121921431728,1.02758824153555,0.0658780785682722,1.46284470823919,0.0158780785682719
7,0.65,3,2,0,0.110965674976103,0.158411128459932,0.933790952837842,1,0.0662090471621579,1.41121566834073,0.016209047162158
33,0.75,3,2,0,0.229242229925492,0.259216592010833,0.933727910614374,1.04474208854852,0.0662720893856265,1.15799219465023,0.016272089385626
13,0.65,3,2,0,0.193632034549609,0.22672780648632,0.933517575228125,1.04261085479282,0.0664824247718749,1.49388200036687,0.016482424771875
6,0.7,3,2,0,0.10995014340104,0.156105309391016,0.933420950363201,1,0.0665790496367985,1.22445013719622,0.0165790496367989
26,0.7,3,2,0,0.112138831902483,0.156912288242485,0.933406609963425,1,0.0665933900365746,1.22663882621585,0.016593390036575
27,0.7,3,2,0,0.115822538562373,0.158851990716508,0.933371419681907,1.000790704932,0.0666285803180928,1.23032253331919,0.016628580318093
14,0.65,3,2,0,0.206142528726219,0.238831509218431,0.93321225091763,1.04770804536455,0.0667877490823696,1.50639250814247,0.0167877490823699
28,0.7,3,2,0,0.132332006272449,0.169782757825108,0.933133818287097,1.0087154759414,0.066866181712903,1.24683200054998,0.016866181712903
29,0.7,3,2,0,0.146727818560153,0.180776549198739,0.932895991237327,1.01487551862618,0.0671040087626733,1.26122781069711,0.0171040087626729
30,0.7,3,2,0,0.157530425419818,0.190101495430145,0.932722997353175,1.01990235141766,0.0672770026468252,1.27203041554973,0.017277002646825
13,0.75,3,1,0,0.233817245203249,0.260887149434007,0.938070062346533,1.05663878195449,0.0619299376534667,1.1625672191704,0.0119299376534669
14,0.75,3,1,0,0.250681495587257,0.277481162433737,0.937650259386855,1.06247055680718,0.0624705568071833,1.17943149558746,0.0124705568071799
13,0.8,3,1,0,0.257286715490389,0.281536754793089,0.940277571067976,1.06348799489174,0.0634879948917408,1.0002867154905,0.0134879948917399
33,0.8,3,1,0,0.251514702443225,0.278833063432576,0.935932738665265,1.05108679883478,0.0640672613347348,0.994514702443421,0.0140672613347349
14,0.7,3,1,0,0.227204872443295,0.256878939316518,0.935456293919622,1.05515339721891,0.064543706080378,1.34170487244309,0.0145437060803779
15,0.7,3,1,0,0.24434885108094,0.274127334598688,0.935081473553731,1.06186470147409,0.0649185264462693,1.35884885108093,0.014918526446269
8,0.6,3,1,0,0.115953793236627,0.162558348946887,0.93218709726391,1,0.0678129027360898,1.60195378634986,0.0178129027360899
31,0.7,3,1,0,0.185050907960304,0.216720762575339,0.932122706445802,1.03071839293564,0.0678772935541981,1.29955088352508,0.017877293554198
9,0.6,3,1,0,0.128362070576053,0.171190361762487,0.932012123771411,1.00660036389574,0.0679878762285893,1.61436206312563,0.017987876228589
32,0.7,3,1,0,0.195269005838136,0.227104023386796,0.931874092212449,1.03425152989934,0.068125907787551,1.30976896968946,0.018125907787551
10,0.6,3,1,0,0.142540441726057,0.182271621591427,0.931788380095152,1.01595850768625,0.0682116199048478,1.62854043259264,0.018211619904848
11,0.6,3,1,0,0.145434805746045,0.184691561239354,0.931747565683648,1.01788842149765,0.0682524343163522,1.6314347962801,0.0182524343163519
12,0.6,3,1,0,0.151356503588938,0.189842904277324,0.931660634812668,1.02163047730343,0.0683393651873323,1.63735649330732,0.0183393651873319
33,0.7,3,1,0,0.209131964533782,0.241888102873284,0.931477388198629,1.03829498761284,0.0685226118013705,1.32363192101659,0.0185226118013709
13,0.6,3,1,0,0.1770880454296,0.213407389219794,0.931168719785904,1.0354229755405,0.0688312802140958,1.66308802351741,0.018831280214096
14,0.6,3,1,0,0.187590489366389,0.223444889767896,0.930915914594114,1.04012884412262,0.069084085405886,1.67359046503236,0.0190840854058859
7,0.6,3,1,0,0.111726308922397,0.16214426811505,0.930874927064181,1,0.0691250729358194,1.59772630105124,0.019125072935819
6,0.65,3,1,0,0.110377036662584,0.159389987639622,0.930722037145685,1,0.0692779628543151,1.41062702919991,0.0192779628543149
26,0.65,3,1,0,0.111825122002924,0.159514990329224,0.93072036929825,1,0.0692796307017504,1.41207511516645,0.01927963070175
27,0.65,3,1,0,0.114442595247666,0.16045649581782,0.930703724289403,1,0.0692962757105973,1.41469258898203,0.019296275710597
15,0.6,3,1,0,0.200325709831629,0.236133376420097,0.930640332559817,1.04598865730922,0.0693596674401826,1.68632567276271,0.0193596674401829
28,0.65,3,1,0,0.12682875409004,0.167422625002142,0.930552146160152,1.00465980723331,0.0694478538398483,1.42707874778116,0.0194478538398479
29,0.65,3,1,0,0.138075988880945,0.175321288761095,0.930381203886719,1.01005444702758,0.0696187961132807,1.43832598097324,0.019618796113281
30,0.65,3,1,0,0.146888992817671,0.182660510802904,0.930244930472455,1.01460702173633,0.0697550695275452,1.44713898350223,0.0197550695275449
31,0.65,3,1,0,0.170237118007169,0.204991509191669,0.929741570067206,1.02461702094945,0.0702584299327942,1.4704870991406,0.0202584299327939
32,0.65,3,1,0,0.179071181533326,0.213930115587444,0.929527726553316,1.02791696163859,0.0704722734466844,1.47932115556339,0.020472273446684
8,0.55,3,1,0,0.115676688137644,0.165506541631252,0.929514510349152,1,0.0704854896508476,1.78742668002153,0.020485489650848
9,0.55,3,1,0,0.124630863814263,0.170810603929098,0.929406984107463,1.00210132557076,0.0705930158925365,1.79638085554179,0.0205930158925369
10,0.55,3,1,0,0.135325883876555,0.178475073053249,0.929252196746357,1.01045787563085,0.0707478032536435,1.80707587450295,0.020747803253643
11,0.55,3,1,0,0.137576985402082,0.180259342430718,0.929222072416407,1.01219951698744,0.0707779275835927,1.80932697582316,0.020777927583593
33,0.65,3,1,0,0.19125915831241,0.226930775554792,0.929179388572568,1.03174149549384,0.0708206114274322,1.49150911431178,0.020820611427432
12,0.55,3,1,0,0.142261936945815,0.184180042983223,0.929155823848463,1.01558816065998,0.0708441761515368,1.81401192686404,0.020844176151537
13,0.55,3,1,0,0.163035165900145,0.202731767552147,0.92876861435274,1.02811248443952,0.0712313856472595,1.83478514946501,0.0212313856472599
14,0.55,3,1,0,0.171652541040103,0.210833965095305,0.92856489122721,1.03240969391728,0.0714351087727899,1.84340251742308,0.02143510877279
15,0.55,3,1,0,0.182350236347298,0.221417416559078,0.928335098486971,1.03781914485638,0.0716649015130288,1.85410020112452,0.0216649015130289
16,0.55,3,1,0,0.196458680498111,0.235642114445226,0.928045668204283,1.04485867367531,0.0719543317957165,1.86820864284736,0.0219543317957169
26,0.6,3,1,0,0.112556783399206,0.163219523720418,0.928014334527052,1,0.0719856654729476,1.59855677514154,0.021985665472948
27,0.6,3,1,0,0.114213815694863,0.16327536452229,0.92801415033157,1,0.0719858496684305,1.60021380815219,0.02198584966843
6,0.6,3,1,0,0.111771193288452,0.16369349936288,0.92800486804935,1,0.0719951319506502,1.59777118428442,0.0219951319506499
28,0.6,3,1,0,0.122849890286825,0.166676917901748,0.927939908007159,1.00056386320578,0.0720600919928408,1.60884988315511,0.022060091992841
7,0.55,3,1,0,0.113555713017051,0.167006968216277,0.927934757541612,1,0.0720652424583877,1.78530570361071,0.0220652424583879
29,0.6,3,1,0,0.131203393145645,0.171754685850401,0.927829922534444,1.00517582117378,0.0721700774655564,1.6172033847648,0.022170077465556
30,0.6,3,1,0,0.138167121278223,0.177258099199431,0.927727656296649,1.00924370155133,0.0722723437033511,1.62416711178698,0.022272343703351
31,0.6,3,1,0,0.157591226244467,0.195564999541829,0.927315198514616,1.01842349885265,0.0726848014853836,1.64359120977745,0.022684801485384
32,0.6,3,1,0,0.165113832325716,0.203135573915294,0.927134244878923,1.02148187909874,0.072865755121077,1.65111381111577,0.0228657551210769
33,0.6,3,1,0,0.175704521938611,0.214434059791827,0.926831990040523,1.02507732601848,0.0731680099594767,1.66170448890332,0.023168009959477
8,0.5,3,1,0,0.116763716155681,0.169899745826324,0.926814430226758,1,0.0731855697732421,1.97426370647615,0.0231855697732419
9,0.5,3,1,0,0.122630110466903,0.172267424047264,0.926766455033172,1,0.0732335449668282,1.98013010107852,0.0232335449668279
10,0.5,3,1,0,0.130173377177454,0.176870345464167,0.926673496410781,1.00488210882945,0.0733265035892193,1.98767336714383,0.0233265035892189
11,0.5,3,1,0,0.131837112639067,0.178078546847697,0.92665309307119,1.00643119568284,0.0733469069288103,1.98933710247843,0.0233469069288099
12,0.5,3,1,0,0.135387206672034,0.180877043195796,0.926605767803077,1.00945810071537,0.0733942321969233,1.99288719618503,0.0233942321969229
13,0.5,3,1,0,0.151576634942898,0.194815489171714,0.926314909899253,1.02067390394263,0.0736850901007469,2.00907662058389,0.0236850901007469
14,0.5,3,1,0,0.158441142710946,0.20112358457241,0.926156576242657,1.02454399896586,0.0738434237573434,2.01594112452644,0.0238434237573429
15,0.5,3,1,0,0.167224933182646,0.209732159507998,0.925969724708379,1.02948518125941,0.074030275291621,2.02472490932934,0.0240302752916209
16,0.5,3,1,0,0.178956854613697,0.221495331923944,0.925730262332999,1.03594115799656,0.0742697376670005,2.03645682006283,0.0242697376670009
27,0.55,3,1,0,0.115157881445272,0.167332449686069,0.925302227116832,1,0.0746977728831676,1.78690787230901,0.024697772883168
28,0.55,3,1,0,0.120433584484477,0.167587914698194,0.92529623441986,1,0.07470376558014,1.79218357627283,0.02470376558014
26,0.55,3,1,0,0.11435165098638,0.168045495146317,0.925288116953373,1,0.0747118830466271,1.78610164097307,0.024711883046627
6,0.55,3,1,0,0.11414786296462,0.169032601261302,0.925269109629065,1,0.0747308903709353,1.78589785207132,0.024730890370935
29,0.55,3,1,0,0.126162153908958,0.17013471552285,0.925240938326119,1.00023784385951,0.0747590616738807,1.79791214473104,0.024759061673881
30,0.55,3,1,0,0.131425886998319,0.173962212819131,0.925169773091448,1.00381008923624,0.0748302269085518,1.80317587686716,0.024830226908552
17,0.5,3,1,0,0.20142085373447,0.244685061708794,0.925143997835725,1.04630784548159,0.0748560021642746,2.0589208537344,0.024856002164275
7,0.5,3,1,0,0.116472341490048,0.173019676373866,0.924969943683266,1,0.0750300563167342,1.97397233017,0.0250300563167339
31,0.55,3,1,0,0.147190668794677,0.188527410014215,0.924841781432844,1.01213426050793,0.0751582185671564,1.8189406530747,0.0251582185671559
32,0.55,3,1,0,0.15347919439023,0.194811878242162,0.924691710469241,1.01494225224541,0.0753082895307593,1.82522917513694,0.0253082895307589
33,0.55,3,1,0,0.162554788902264,0.204494330760115,0.924433122235218,1.01829789245748,0.0755668777647823,1.83430476105457,0.0255668777647819
9,0.45,3,1,0,0.122408511867605,0.175614922181623,0.924089410751798,1,0.0759105892482025,2.16565850100371,0.025910589248202
8,0.45,3,1,0,0.119245023929312,0.17577138529858,0.924086159530312,1,0.0759138404696884,2.16249501225491,0.0259138404696879
10,0.45,3,1,0,0.127152479491014,0.177534851558726,0.924050673827285,1,0.0759493261727152,2.17040246841824,0.0259493261727149
11,0.45,3,1,0,0.128288800895169,0.178231087964031,0.924038940381079,1.00058052885554,0.0759610596189209,2.17153878975523,0.0259610596189209
12,0.45,3,1,0,0.130813672671908,0.18002439885992,0.924008623801235,1.00323689719201,0.0759913761987646,2.17406366132688,0.0259913761987649
13,0.45,3,1,0,0.142824067935523,0.189782759168413,0.92380505877151,1.01310132689878,0.07619494122849,2.18607405397734,0.02619494122849
14,0.45,3,1,0,0.148078470325715,0.194449801631761,0.923688131066161,1.01652461676537,0.0763118689338393,2.19132845403484,0.026311868933839
15,0.45,3,1,0,0.155082959835371,0.201225740834749,0.92354111015548,1.02097834689436,0.0764588898445203,2.19833294038987,0.0264588898445199
16,0.45,3,1,0,0.164590417470049,0.210686760305102,0.923348417457256,1.02682741808029,0.0766515825427438,2.20784039275628,0.0266515825427439
17,0.45,3,1,0,0.1830151734265,0.229634653188617,0.922870348170421,1.03631763566383,0.0771296518295785,2.2262651470093,0.0271296518295789
18,0.45,3,1,0,0.19360307625462,0.240652921074213,0.922641877516064,1.04216714070209,0.0773581224839364,2.23685305651221,0.027358122483936
28,0.5,3,1,0,0.119619803411302,0.170199965238386,0.922620212901315,1,0.0773797870986852,1.97711979381144,0.0273797870986849
29,0.5,3,1,0,0.123007321805545,0.170522746138656,0.922612971148095,1,0.0773870288519052,1.98050731152544,0.0273870288519049
30,0.5,3,1,0,0.126730088382588,0.172845118856928,0.922569789541782,1,0.0774302104582181,1.98423007724907,0.0274302104582179
27,0.5,3,1,0,0.117297219135531,0.172652456210084,0.922567466777917,1,0.0774325332220827,1.97479720800885,0.0274325332220829
26,0.5,3,1,0,0.11722811546271,0.17401314657257,0.922541314972746,1,0.0774586850272537,1.97472810327658,0.0274586850272539
6,0.5,3,1,0,0.117522735181715,0.175424552584056,0.92251441815872,1,0.07748558184128,1.97502272197009,0.0274855818412799
31,0.5,3,1,0,0.13911834315611,0.183971244318047,0.922319375144111,1.00574549740847,0.0776806248558888,1.9966183272957,0.027680624855889
32,0.5,3,1,0,0.144255545177149,0.189057500411456,0.922198038310578,1.00829376585148,0.0778019616894217,2.00175552644604,0.027801961689422
33,0.5,3,1,0,0.151903351794262,0.197215654337765,0.921980549637915,1.01139826536849,0.0780194503620855,2.00940332620396,0.028019450362085
7,0.45,3,1,0,0.120495265545037,0.18020355192108,0.921979967084222,1,0.0780200329157779,2.16374525183123,0.0280200329157779
5,0.8,3,1,0,0.13486134289857,0.191545319897699,0.921735901508543,1.00000825762581,0.0782640984914568,0.877861324773428,0.0282640984914569
10,0.4,3,1,0,0.126337247916233,0.180551216454093,0.92138201507477,1,0.07861798492523,2.35533723538055,0.0286179849252299
11,0.4,3,1,0,0.127010557172431,0.180804547507613,0.921377809701451,1,0.0786221902985487,2.35601054462639,0.028622190298549
9,0.4,3,1,0,0.124017370549158,0.180910205604207,0.921374662376937,1,0.0786253376230631,2.35301735774243,0.028625337623063
12,0.4,3,1,0,0.128628374629836,0.181719179311229,0.921362414348697,1,0.0786375856513034,2.35762836198461,0.0286375856513029
8,0.4,3,1,0,0.123152010292398,0.183156329085956,0.921328970325129,1,0.0786710296748715,2.35215199605761,0.028671029674871
13,0.4,3,1,0,0.136898440195043,0.187768618801826,0.92123629038783,1.00538836792838,0.0787637096121703,2.3658984257266,0.02876370961217
14,0.4,3,1,0,0.140697627869247,0.190961327552976,0.921156452688764,1.00834378606824,0.0788435473112358,2.36969761180613,0.028843547311236
15,0.4,3,1,0,0.146070047286986,0.196060833593528,0.921045849261822,1.01228945013061,0.0789541507381781,2.37507002915332,0.028954150738178
16,0.4,3,1,0,0.153520521112356,0.203395947287473,0.920896380482251,1.017506419602,0.0791036195177492,2.38252049989673,0.029103619517749
17,0.4,3,1,0,0.168195921315072,0.218407599230396,0.920518443322061,1.02606575661191,0.0794815566779388,2.39719590924655,0.0294815566779389
18,0.4,3,1,0,0.176770400712347,0.227314790315696,0.920333624892642,1.03136289072325,0.0796663751073584,2.40577038241592,0.0296663751073579
5,0.75,3,1,0,0.134951837535355,0.193634646615083,0.920044936582254,1,0.0799550634177462,1.06370181742013,0.029955063417746
29,0.45,3,1,0,0.121797111700366,0.172983824462813,0.919944663614403,1,0.0800553363855973,2.16504709997224,0.030055336385597
30,0.45,3,1,0,0.12414857244456,0.173983793717822,0.919926116536547,1,0.0800738834634532,2.16739855994547,0.030073883463453
28,0.45,3,1,0,0.120450432102875,0.174559636409779,0.919910884822689,1,0.0800891151773107,2.16370042072489,0.0300891151773109
27,0.45,3,1,0,0.120655037054265,0.179260984474699,0.919809363385193,1,0.0801906366148071,2.16390502343662,0.0301906366148069
26,0.45,3,1,0,0.121205148033728,0.18114338454294,0.919773513467355,1,0.0802264865326447,2.16445513315677,0.0302264865326449
31,0.45,3,1,0,0.133463162259569,0.18199600189637,0.919745888525792,1,0.0802541114742076,2.17671314570481,0.030254111474208
6,0.45,3,1,0,0.12191195731474,0.182887136605639,0.919740439184099,1,0.0802595608159012,2.16516194125631,0.030259560815901
32,0.45,3,1,0,0.137537840977848,0.185978672260977,0.919650978765683,1.00153179050962,0.0803490212343174,2.18078782197315,0.0303490212343169
33,0.45,3,1,0,0.143850995744432,0.192710665555214,0.919471852670228,1.00437314007018,0.0805281473297724,2.18710097090688,0.0305281473297719
7,0.4,3,1,0,0.12564420263488,0.188580501070575,0.918964290627034,1,0.081035709372966,2.35464418591372,0.031035709372966
11,0.35,3,1,0,0.128086251065795,0.185892740931042,0.91866776726447,1,0.0813322327355299,2.54283623657661,0.03133223273553
10,0.35,3,1,0,0.127806657920458,0.18600778305535,0.918665687003275,1,0.081334312996725,2.54255664337876,0.031334312996725
12,0.35,3,1,0,0.128924604812168,0.186065719421137,0.918665013161252,1,0.0813349868387478,2.54367459033517,0.0313349868387479
9,0.35,3,1,0,0.127510789513591,0.18821362847753,0.918620952880585,1,0.0813790471194151,2.54226077413222,0.031379047119415
13,0.35,3,1,0,0.133931225237786,0.188920316901066,0.918605582966552,1,0.0813944170334482,2.54868120959988,0.0313944170334479
14,0.35,3,1,0,0.136444064817184,0.190821238732714,0.918558137935995,1,0.0814418620640055,2.55119404805725,0.031441862064005
8,0.35,3,1,0,0.128517400576712,0.192090980735357,0.918542102205768,1,0.0814578977942323,2.54326738303253,0.0314578977942319
15,0.35,3,1,0,0.140346220687292,0.194416717089723,0.918480188549782,1.00340843037047,0.0815198114502185,2.55509620240503,0.031519811450218
16,0.35,3,1,0,0.145925087817373,0.199821869959799,0.918369992020544,1.00796601614327,0.0816300079794559,2.56067506739887,0.0316300079794559
5,0.7,3,1,0,0.13562862022814,0.196331786155739,0.918347342662253,1,0.0816526573377474,1.25012859788948,0.0316526573377469
17,0.35,3,1,0,0.157168311147393,0.211232959410188,0.918083373011376,1.01553545116909,0.0819166269886242,2.57191830393405,0.031916626988624
18,0.35,3,1,0,0.163878297823652,0.218184144194387,0.917939042226745,1.02025139364143,0.0820609577732548,2.57862828836551,0.0320609577732549
30,0.4,3,1,0,0.123754599180066,0.177460364976437,0.917237057957202,1,0.0827629420427975,2.35275458488284,0.0327629420427979
29,0.4,3,1,0,0.122593164055293,0.177586992455934,0.917234574384343,1,0.0827654256156567,2.35159315044437,0.032765425615657
28,0.4,3,1,0,0.12296940587362,0.18071587093925,0.917167242098073,1,0.0828327579019266,2.35196939220695,0.032832757901927
31,0.4,3,1,0,0.130320683499397,0.182708940437966,0.917119066900641,1,0.0828809330993593,2.35932066579172,0.0328809330993589
32,0.4,3,1,0,0.133428444415617,0.185690266278366,0.91704809885146,1,0.0829519011485402,2.36242842458457,0.03295190114854
27,0.4,3,1,0,0.125255364047311,0.18718457667152,0.917027392000486,1,0.0829726079995142,2.35425534730486,0.032972607999514
26,0.4,3,1,0,0.126302326552476,0.189457811293398,0.916984283163828,1,0.0830157168361717,2.35530230833708,0.033015716836172
6,0.4,3,1,0,0.127332153674271,0.191438683301276,0.916946807050509,1,0.0830531929494909,2.3563321341165,0.0330531929494909
33,0.4,3,1,0,0.13850673786994,0.191101581363629,0.916904405901753,1,0.0830955940982466,2.36750671291067,0.0330955940982469
5,0.65,3,1,0,0.136897288190008,0.199642718407209,0.916643044803545,1,0.0833569551964554,1.43714728461845,0.033356955196455
7,0.35,3,1,0,0.131939547558936,0.198173214345288,0.915922357528924,1,0.0840776424710759,2.54668952704274,0.0340776424710759
12,0.3,3,1,0,0.131802557755355,0.193176406107612,0.915914129013302,1,0.084085870986698,2.73230254072644,0.0340858709866979
13,0.3,3,1,0,0.134065718625051,0.193398913855038,0.915909630459218,1,0.0840903695407818,2.734565701136,0.0340903695407819
11,0.3,3,1,0,0.131605643547492,0.19359635782543,0.915906736875595,1,0.0840932631244048,2.73210562637559,0.034093263124405
10,0.3,3,1,0,0.131645074334814,0.193999182516475,0.915899725303496,1,0.0841002746965036,2.73214505703464,0.034100274696504
14,0.3,3,1,0,0.135477239618602,0.194208993658071,0.915889441261688,1,0.084110558738312,2.73597722141924,0.0341105587383119
15,0.3,3,1,0,0.138087837292764,0.196491742751505,0.915839974898621,1,0.0841600251013788,2.73858781794066,0.0341600251013789
9,0.3,3,1,0,0.132945891671191,0.197589056757936,0.915826951508853,1,0.0841730484911472,2.73344587283741,0.034173048491147
16,0.3,3,1,0,0.142001355860194,0.200186007545027,0.915764619759801,1,0.0842353802401989,2.74250135203156,0.034235380240199
8,0.3,3,1,0,0.135375330482009,0.202613386094074,0.915724757578111,1,0.084275242421889,2.73587532730195,0.034275242421889
17,0.3,3,1,0,0.150162438519591,0.208368655764992,0.915559609407428,1.00470799700201,0.0844403905925716,2.75066243286555,0.034440390592572
18,0.3,3,1,0,0.155175068098057,0.21353867716444,0.915452186486784,1.00881108129406,0.0845478135132158,2.75567506142598,0.034547813513216
5,0.6,3,1,0,0.138763521066057,0.203573491024566,0.914931975713918,1,0.085068024286082,1.62476351703229,0.0350680242860819
30,0.35,3,1,0,0.125626249469084,0.183362608353827,0.914500800318242,1,0.0854991996817578,2.54037623280747,0.035499199681758
29,0.35,3,1,0,0.125460834891648,0.184405640175129,0.914481170717273,1,0.0855188292827275,2.54021081881784,0.035518829282727
31,0.35,3,1,0,0.129793825544252,0.186225949216772,0.914436473585196,1,0.0855635264148042,2.544543806189,0.035563526414804
28,0.35,3,1,0,0.127222854255713,0.188720161172958,0.914388223544779,1,0.0856117764552214,2.54197283761793,0.035611776455221
32,0.35,3,1,0,0.132037957882417,0.188316809769255,0.914386760679342,1,0.0856132393206581,2.54678793670413,0.035613239320658
33,0.35,3,1,0,0.135988794505735,0.192521373702121,0.914275352813316,1,0.0857246471866844,2.55073876876755,0.035724647186684
27,0.35,3,1,0,0.131123090959065,0.196450766272351,0.914221007666388,1,0.0857789923336121,2.54587307028629,0.0357789923336119
26,0.35,3,1,0,0.132539863199584,0.198978757770284,0.914173179951409,1,0.0858268200485908,2.54728984083452,0.0358268200485909
6,0.35,3,1,0,0.133800449762499,0.201098105809946,0.914133141372343,1,0.0858668586276571,2.5485504463424,0.0358668586276569
4,0.8,3,1,0,0.147138385441555,0.211698953949298,0.913807599032828,1,0.0861924009671717,0.89013838082811,0.0361924009671719
15,0.65,3,0,0,0.221029308570487,0.253744693906045,0.932888260178519,1.05400146517715,0.0671117398214811,1.52127927710543,0.017111739821481
16,0.65,3,0,0,0.240295349283369,0.273314427474232,0.932490450250214,1.0621444459825,0.0675095497497858,1.54054534928321,0.0175095497497859
15,0.75,3,0,0,0.27018093849157,0.297167277900777,0.937222365817659,1.0695849582293,0.0695849582293022,1.19893093849157,0.0195849582293
14,0.8,3,0,0,0.276483362674221,0.300540141521659,0.939796189812933,1.06966478156493,0.0696647815649321,1.01948336267422,0.01966478156493
16,0.6,3,0,0,0.216949395977622,0.252964455595062,0.930298031803848,1.05359003419768,0.0697019681961524,1.70294939597757,0.019701968196152
17,0.6,3,0,0,0.248274285223013,0.285459138887903,0.929473617435739,1.06556213919636,0.0705263825642608,1.73427428522321,0.020526382564261
16,0.7,3,0,0,0.266374243299166,0.296557094433427,0.934625741337665,1.07053035811274,0.0705303581127419,1.3808742432991,0.0205303581127401
17,0.55,3,0,0,0.223229063401901,0.263354350171365,0.927343776597213,1.05605147402694,0.0726562234027873,1.89497906340193,0.0226562234027869
18,0.6,3,0,0,0.265656395446175,0.303590844905527,0.929098352772904,1.07291890949392,0.0729189094939224,1.75165639544607,0.0229189094939199
18,0.55,3,0,0,0.238232463976951,0.278997356415473,0.927019821338875,1.06292879966673,0.0729801786611253,1.90998246397688,0.022980178661125
17,0.65,3,0,0,0.276406954950098,0.310834270198854,0.931537063530038,1.07485219172377,0.0748521917237706,1.57665695495003,0.0248521917237698
18,0.5,3,0,0,0.214155960112453,0.257953132832054,0.924869053259572,1.05268337237384,0.0751309467404282,2.07165596011274,0.0251309467404279
15,0.8,3,0,0,0.298430043449561,0.322759471386441,0.939313132804979,1.07716834045142,0.0771683404514161,1.04143004344953,0.02716834045142
16,0.75,3,0,0,0.295073829684372,0.322568950602928,0.936706486440005,1.07875554506802,0.0787555450680217,1.22382382968425,0.0287555450680199
18,0.65,3,0,0,0.296269169762012,0.331558894542673,0.931108390469922,1.08266769109743,0.0826676910974278,1.59651916976173,0.03266769109743
17,0.7,3,0,0,0.307491434836058,0.339330424289862,0.933537319294806,1.08393287013541,0.0839328701354087,1.42199143483566,0.03393287013541
5,0.55,3,0,0,0.141233106540825,0.208130292029307,0.913214058126895,1,0.0867859418731048,1.81298310198097,0.0367859418731049
16,0.8,3,0,0,0.326290805304667,0.351236632116773,0.93873505499292,1.08682717929826,0.086827179298264,1.06929080530439,0.03682717929826
14,0.25,3,0,0,0.137972588582169,0.20132284164121,0.913146221953298,1,0.0868537780467024,2.92422258515112,0.036853778046702
13,0.25,3,0,0,0.137458589294198,0.201381178679236,0.91314480105433,1,0.0868551989456702,2.92370858599327,0.0368551989456699
15,0.25,3,0,0,0.139490020561343,0.202506305324642,0.913120590768541,1,0.086879409231459,2.92574001691766,0.0368794092314589
12,0.25,3,0,0,0.137370073413237,0.203172588816469,0.91310728459572,1,0.0868927154042796,2.92362007019648,0.03689271540428
11,0.25,3,0,0,0.137664988710051,0.204023700606524,0.913092482096957,1,0.0869075179030426,2.92391498546664,0.0369075179030429
10,0.25,3,0,0,0.137942785947932,0.204626991248257,0.91308201827554,1,0.0869179817244596,2.92419278268085,0.0369179817244599
16,0.25,3,0,0,0.141968928068074,0.204736017986818,0.913075090344865,1,0.086924909655135,2.92821892412632,0.036924909655135
9,0.25,3,0,0,0.140383066121406,0.209104173986297,0.912991244642566,1,0.0870087553574336,2.92663306257121,0.037008755357434
17,0.25,3,0,0,0.147437669484234,0.210106766753284,0.912940893827481,1,0.0870591061725186,2.93368766429419,0.037059106172519
8,0.25,3,0,0,0.143761418572647,0.214763295873152,0.912876109417022,1,0.087123890582978,2.93001141446979,0.0371238905829779
18,0.25,3,0,0,0.150942095172703,0.213694561922505,0.912866292548602,1,0.0871337074513978,2.93719208937489,0.037133707451398
7,0.3,3,0,0,0.139402409993872,0.209005219879334,0.912853587174042,1,0.0871464128259578,2.73990240628952,0.037146412825958
4,0.75,3,0,0,0.147806274795426,0.213951235305412,0.912586629201374,1,0.0874133707986255,1.0765562697812,0.0374133707986259
30,0.3,3,0,0,0.129846883052979,0.191784508331903,0.911715401079575,1,0.0882845989204252,2.73034686325048,0.0382845989204249
31,0.3,3,0,0,0.131993688413892,0.192672553628045,0.911695468665341,1,0.0883045313346591,2.73249366677817,0.0383045313346589
29,0.3,3,0,0,0.13046951827879,0.193517899952628,0.911682820155459,1,0.0883171798445415,2.73096949893708,0.038317179844541
32,0.3,3,0,0,0.133486182447977,0.193993658166166,0.911664096512584,1,0.0883359034874163,2.73398615930281,0.038335903487416
33,0.3,3,0,0,0.136425700851784,0.197115135022348,0.911581576422826,1,0.0884184235771743,2.73692567367239,0.038418423577174
28,0.3,3,0,0,0.133259258262286,0.19862673960287,0.911572710892072,1,0.0884272891079275,2.73375923772572,0.0384272891079279
5,0.5,3,0,0,0.144311927560707,0.213319407124213,0.911489216202689,1,0.088510783797311,2.00181192240289,0.038510783797311
27,0.3,3,0,0,0.138284014815291,0.207088130898782,0.911389644325669,1,0.0886103556743306,2.73878398918469,0.0386103556743309
4,0.7,3,0,0,0.148894844611025,0.216636481266488,0.911362207907311,1,0.0886377920926892,1.26339483915928,0.0386377920926889
26,0.3,3,0,0,0.139938638720325,0.209729333410788,0.911339740612602,1,0.0886602593873982,2.74043863467474,0.0386602593873979
6,0.3,3,0,0,0.141334477862083,0.211884878948951,0.911299057967273,1,0.0887009420327268,2.74183447355265,0.038700942032727
14,0.2,3,0,0,0.144123850031809,0.212382655091909,0.91032389398651,1,0.0896761060134895,3.11612384607372,0.0396761060134899
15,0.2,3,0,0,0.144769566191798,0.212706383476946,0.910316889313878,1,0.0896831106861216,3.11676956209444,0.039683110686122
13,0.2,3,0,0,0.144281686863689,0.213061783254527,0.910307100981827,1,0.0896928990181731,3.11628168293263,0.039692899018173
16,0.2,3,0,0,0.146073512110677,0.2137503465263,0.9102955798637,1,0.0897044201363004,3.11807350779702,0.0397044201362999
12,0.2,3,0,0,0.145743469329017,0.216185574109727,0.91024180526835,1,0.0897581947316497,3.11774346528959,0.03975819473165
11,0.2,3,0,0,0.146367699432138,0.217291474988323,0.910222599097963,1,0.089777400902037,3.11836769532998,0.039777400902037
17,0.2,3,0,0,0.1492880845103,0.216780149874426,0.910220095009743,1,0.0897799049902569,3.12128807930359,0.039779904990257
10,0.2,3,0,0,0.146796592553639,0.218000424798828,0.910210301657647,1,0.0897896983423533,3.11879658840733,0.0397896983423529
18,0.2,3,0,0,0.151500299115475,0.219014264128263,0.910173606207121,1,0.0898263937928795,3.12350029349185,0.039826393792879
4,0.65,3,0,0,0.150406963448443,0.219757713763238,0.910134308323394,1,0.0898656916766055,1.4506569575183,0.0398656916766059
9,0.2,3,0,0,0.149886220865233,0.222830761733606,0.910112339965985,1,0.0898876600340149,3.12188621625031,0.039887660034015
8,0.2,3,0,0,0.153712879351092,0.228582337765506,0.909995284665129,1,0.0900047153348712,3.12571287398015,0.0400047153348709
7,0.25,3,0,0,0.148054633033377,0.221100876053685,0.909757385874164,1,0.0902426141258365,2.93430462830173,0.040242614125836
5,0.45,3,0,0,0.148005968402287,0.219147233412241,0.909757372703511,1,0.0902426272964887,2.19125596256475,0.040242627296489
4,0.6,3,0,0,0.152345534363601,0.223317991906293,0.908902903276699,1,0.0910970967233011,1.63834552791116,0.041097096723301
31,0.25,3,0,0,0.137040495657972,0.2021850758728,0.908893184471682,1,0.0911068155283182,2.92329047084801,0.041106815528318
30,0.25,3,0,0,0.136505654333888,0.202826892668493,0.908878775416821,1,0.0911212245831793,2.92275563028189,0.0411212245831789
32,0.25,3,0,0,0.137903226188553,0.20286835913987,0.908876979767102,1,0.091123020232898,2.92415320022788,0.0411230202328979
29,0.25,3,0,0,0.137693005935042,0.205007087916528,0.908837781207116,1,0.0911622187928836,2.92394298217299,0.041162218792884
33,0.25,3,0,0,0.13995761351952,0.205041676361127,0.908819664910896,1,0.0911803350891041,2.92620758406561,0.0411803350891039
28,0.25,3,0,0,0.14112962251771,0.210492788156577,0.908719524396109,1,0.0912804756038913,2.92737959679859,0.0412804756038909
27,0.25,3,0,0,0.146764891768808,0.219126366270593,0.908532709511609,1,0.091467290488391,2.93301488695695,0.0414672904883909
26,0.25,3,0,0,0.148520215234974,0.221733408524909,0.908483495432383,1,0.0915165045676166,2.93477021008433,0.0415165045676169
6,0.25,3,0,0,0.149952421492634,0.223819132255251,0.908444151948515,1,0.0915558480514846,2.93620241604932,0.0415558480514849
5,0.4,3,0,0,0.152321317147497,0.225620282196932,0.90801844895745,1,0.09198155104255,2.38132131053732,0.04198155104255
18,0.7,3,0,0,0.329927502145972,0.362744141345313,0.933053307012223,1.09218782883117,0.0921878288311737,1.44442750214485,0.0421878288311699
4,0.55,3,0,0,0.154713495495103,0.22732041263354,0.907667965242408,1,0.0923320347575918,1.82646348847195,0.042332034757592
15,0.15,3,0,0,0.154168497670251,0.227367970776932,0.907423087807461,1,0.0925769121925388,3.31191849276896,0.042576912192539
16,0.15,3,0,0,0.154591469742063,0.22754381120283,0.907419505452172,1,0.0925804945478284,3.31234146470697,0.042580494547828
14,0.15,3,0,0,0.154145882656901,0.227633451536342,0.907417339123225,1,0.0925826608767751,3.31189587780813,0.042582660876775
13,0.15,3,0,0,0.154724213900877,0.228656018380195,0.907392105474444,1,0.0926078945255556,3.31247420894404,0.0426078945255559
17,0.15,3,0,0,0.156049311118348,0.228770825389749,0.907389029708653,1,0.0926109702913472,3.3137993054901,0.042610970291347
18,0.15,3,0,0,0.157218319058529,0.229916541011451,0.907365170534624,1,0.0926348294653763,3.31496831313728,0.042634829465376
12,0.15,3,0,0,0.157048529283207,0.232357874646546,0.907314780275897,1,0.0926852197241035,3.31479852395773,0.042685219724103
11,0.15,3,0,0,0.157825139889586,0.233525797839268,0.907294482468726,1,0.0927055175312737,3.31557513445574,0.0427055175312739
10,0.15,3,0,0,0.158310505645335,0.234237232863245,0.907282126569356,1,0.0927178734306436,3.31606050014187,0.0427178734306439
9,0.15,3,0,0,0.161523101040223,0.238845126210789,0.907188643137925,1,0.0928113568620746,3.31927309485679,0.0428113568620749
17,0.75,3,0,0,0.341404310209569,0.370812125781839,0.935477293056251,1.09281443433154,0.0928144343315387,1.27015431020823,0.04281443433154
7,0.2,3,0,0,0.15791885411518,0.234485487316721,0.906633128883948,1,0.0933668711160517,3.1299188480214,0.043366871116052
4,0.5,3,0,0,0.157513820664056,0.231768111372122,0.906429466337442,1,0.0935705336625575,2.01501381301767,0.0435705336625579
8,0.15,3,0,0,0.165268612054702,0.244114102366324,0.906330005894482,1,0.0936699941055177,3.32301860492293,0.043669994105518
5,0.35,3,0,0,0.157264168237302,0.232745181874281,0.906272364821153,1,0.0937276351788467,2.57201416074935,0.0437276351788469
3,0.8,3,0,0,0.161207478369442,0.233913412811969,0.906161266899747,1,0.0938387331002531,0.904207470373234,0.043838733100253
23,0.8,3,0,0,0.170377138744322,0.239933658288987,0.906128802742775,1.00301016093514,0.0938711972572251,0.913377130525152,0.043871197257225
24,0.8,3,0,0,0.191399491232783,0.255703909725663,0.906040372120281,1.01400049217217,0.0939596278797187,0.934399482387106,0.043959627879719
31,0.2,3,0,0,0.145064681685082,0.214911982549235,0.906026497105747,1,0.0939735028942533,3.11706465233063,0.0439735028942529
32,0.2,3,0,0,0.145430791497861,0.215102246899836,0.906021991119636,1,0.093978008880364,3.11743076142714,0.043978008880364
30,0.2,3,0,0,0.14569810069807,0.216598169573314,0.905988677096003,1,0.0940113229039972,3.11769809592562,0.044011322903997
33,0.2,3,0,0,0.146737833967372,0.216475408318236,0.90598587116417,1,0.0940141288358303,3.11873780101204,0.04401412883583
29,0.2,3,0,0,0.147209889312625,0.218962199997711,0.905944192879177,1,0.0940558071208231,3.11920985942531,0.0440558071208229
25,0.8,3,0,0,0.2249919367446,0.287418328665901,0.905862993169908,1.02694783361496,0.0941370068300916,0.967991926146019,0.0441370068300919
28,0.2,3,0,0,0.150887670028496,0.224378686604506,0.905827413562831,1,0.0941725864371692,3.12288766495385,0.0441725864371689
27,0.2,3,0,0,0.156593465939838,0.232596282205468,0.905649598742905,1,0.0943504012570952,3.12859345973171,0.044350401257095
26,0.2,3,0,0,0.158306895084792,0.235015731438187,0.905603948320646,1,0.0943960516793541,3.13030688850546,0.044396051679354
6,0.2,3,0,0,0.159673025098691,0.236921636505496,0.905568007533878,1,0.0944319924661222,3.13167301820774,0.044431992466122
3,0.75,3,0,0,0.162270190555875,0.236106547059897,0.905401567716849,1,0.0945984322831512,1.09102018214628,0.044598432283151
23,0.75,3,0,0,0.16940786709663,0.240255037535198,0.905379202782766,1.00182705565425,0.0946207972172342,1.09815785850733,0.044620797217234
24,0.75,3,0,0,0.186348818169262,0.252179466522763,0.905312333428962,1.01186211448376,0.0946876665710376,1.11509880907334,0.044687666571038
4,0.45,3,0,0,0.160749519987171,0.23666426271543,0.905187378313947,1,0.0948126216860529,2.20399951165992,0.0448126216860529
25,0.75,3,0,0,0.215380866120765,0.279370630954187,0.905160242878608,1.02392839863577,0.0948397571213917,1.14413085572068,0.044839757121392
3,0.7,3,0,0,0.163592422848594,0.238564689583756,0.904640533798986,1,0.0953594662010137,1.27809241400352,0.0453594662010139
23,0.7,3,0,0,0.168882313126251,0.241030091948214,0.90462725177645,1.00064069207281,0.0953727482235501,1.28338230414262,0.04537274822355
24,0.7,3,0,0,0.18207643547107,0.249453891280869,0.904580010278235,1.00971270932214,0.0954199897217647,1.29657642608767,0.045419989721765
5,0.3,3,0,0,0.162840825107001,0.240528680919726,0.904519038641247,1,0.0954809613587529,2.76334081662128,0.0454809613587529
25,0.7,3,0,0,0.206829628611387,0.272411688925931,0.904451589984592,1.02088692973197,0.0955484100154076,1.3213296182362,0.045548410015408
16,0.1,3,0,0,0.167835469170436,0.24647463844007,0.904439375870496,1,0.0955606241295036,3.51133546274146,0.0455606241295039
17,0.1,3,0,0,0.168107205553072,0.246520730695515,0.904438232574531,1,0.0955617674254692,3.51160719886119,0.0455617674254689
15,0.1,3,0,0,0.167958371792209,0.246802420937955,0.904432664341968,1,0.0955673356580315,3.51145836538753,0.0455673356580319
18,0.1,3,0,0,0.168523032356802,0.246889420803827,0.904430548564339,1,0.0955694514356614,3.51202302548008,0.0455694514356609
14,0.1,3,0,0,0.168278031775227,0.247349572284024,0.904420827983178,1,0.0955791720168224,3.51177802530221,0.0455791720168219
13,0.1,3,0,0,0.168995279380608,0.248402950582751,0.904394902042085,1,0.0956050979579153,3.51249527262145,0.045605097957915
12,0.1,3,0,0,0.171421609717172,0.25184455752267,0.904323043414197,1,0.0956769565858026,3.51492160226798,0.045676956585803
11,0.1,3,0,0,0.172157498633549,0.252863255739935,0.904305311655128,1,0.095694688344872,3.51565749102766,0.045694688344872
10,0.1,3,0,0,0.172596512931099,0.253464622850862,0.904294848675814,1,0.0957051513241856,3.51609650523083,0.045705151324186
9,0.1,3,0,0,0.175365605572343,0.257228463061265,0.904218459191709,1,0.0957815408082909,3.5188655970156,0.045781540808291
4,0.4,3,0,0,0.164423640503515,0.24201208111552,0.903941672552624,1,0.0960583274473764,2.39342363143322,0.0460583274473759
3,0.65,3,0,0,0.165175264217278,0.241288971950128,0.90387815873325,1,0.0961218412667501,1.46542525491299,0.04612184126675
23,0.65,3,0,0,0.168803664655248,0.242262134073937,0.903872931182647,1,0.0961270688173533,1.46905365525214,0.046127068817353
24,0.65,3,0,0,0.178592226431738,0.247537518889243,0.903843344410483,1.00755212526439,0.0961566555895175,1.47884221672437,0.046156655589517
25,0.65,3,0,0,0.199356680017132,0.266560819806978,0.903736925641571,1.01782300595649,0.0962630743584293,1.49960666954248,0.0462630743584289
7,0.15,3,0,0,0.169018530167252,0.249185308373667,0.903480169833189,1,0.0965198301668109,3.32676852225603,0.0465198301668109
23,0.6,3,0,0,0.169175150507028,0.243954519696026,0.903116222213833,1,0.0968837777861665,1.65517514065764,0.0468837777861669
3,0.6,3,0,0,0.167019811671892,0.244280534226205,0.903114436055864,1,0.0968855639441361,1.65301980188398,0.046885563944136
24,0.6,3,0,0,0.175906306825459,0.24644093136974,0.903102276170968,1.00538020734465,0.0968977238290317,1.66190629675848,0.0468977238290319
32,0.15,3,0,0,0.15622367812771,0.230872316037433,0.903095378677624,1,0.096904621322376,3.31397364176307,0.0469046213223759
31,0.15,3,0,0,0.156208152623755,0.231015457322098,0.903091993213308,1,0.0969080067866924,3.31395811644123,0.0469080067866919
33,0.15,3,0,0,0.156934600532151,0.231608568697512,0.903076064869525,1,0.0969239351304753,3.31468456201624,0.046923935130475
30,0.15,3,0,0,0.157526783151515,0.233215088685756,0.903042696645502,1,0.0969573033544977,3.31527677694822,0.046957303354498
25,0.6,3,0,0,0.192981084798127,0.261837988371713,0.90301613735501,1.01473619254957,0.0969838626449901,1.67898107413133,0.04698386264499
29,0.15,3,0,0,0.159104017785977,0.23547849278431,0.903000057624275,1,0.096999942375725,3.31685401159319,0.0469999423757249
28,0.15,3,0,0,0.162590027519284,0.240348200480759,0.902895068439969,1,0.0971049315600314,3.32034002078084,0.0471049315600309
5,0.25,3,0,0,0.169057702906375,0.248977650974193,0.902758387214458,1,0.0972416127855416,2.95530769328688,0.047241612785542
27,0.15,3,0,0,0.167798553565377,0.247529958448807,0.902739671965857,1,0.0972603280341433,3.32554854551432,0.0472603280341429
26,0.15,3,0,0,0.169321739615783,0.249601921853872,0.902700588049819,1,0.0972994119501808,3.32707173118384,0.0472994119501809
4,0.35,3,0,0,0.168539266815288,0.247814821591415,0.902692320055911,1,0.0973076799440886,2.58328925693386,0.0473076799440889
6,0.15,3,0,0,0.170515622363566,0.251213843747158,0.902670194926633,1,0.0973298050733667,3.32826561362092,0.0473298050733669
23,0.55,3,0,0,0.170000041251491,0.246110648633197,0.902357105831553,1,0.0976428941684467,1.84175003092766,0.0476428941684469
24,0.55,3,0,0,0.174029032661317,0.246174966255888,0.902356744460386,1.00319679693714,0.0976432555396142,1.84577902219786,0.0476432555396139
3,0.55,3,0,0,0.169127170346499,0.247540525069982,0.902349359251625,1,0.0976506407483753,1.84087716004892,0.047650640748375
25,0.55,3,0,0,0.18772254460193,0.258263837795542,0.902289108808267,1.01162604029695,0.0977108911917334,1.85947253366928,0.047710891191733
8,0.1,3,0,0,0.178469313210318,0.26140428566766,0.902215109801377,1,0.0977848901986228,3.52196930360956,0.047784890198623
24,0.5,3,0,0,0.172971008274557,0.246750725342108,0.901606686685318,1.00100173163418,0.0983933133146819,2.03047099737716,0.048393313314682
23,0.5,3,0,0,0.171281649967703,0.248733965555541,0.901595562741721,1,0.0984044372582785,2.0287816391388,0.0484044372582789
3,0.5,3,0,0,0.1714984535842,0.251070101821674,0.90158292175333,1,0.0984170782466703,2.02899844274934,0.04841707824667
25,0.5,3,0,0,0.183601428542316,0.255859722431633,0.90155571967787,1.00849208484928,0.0984442803221305,2.04110141728146,0.04844428032213
4,0.3,3,0,0,0.173099521743026,0.254075780453742,0.901439291440999,1,0.098560708559001,2.77359951097556,0.048560708559001
18,0.05,3,0,0,0.185913284210983,0.270507328728722,0.901357457402289,1,0.0986425425977113,3.7151632747513,0.0486425425977109
17,0.05,3,0,0,0.185909036691862,0.270545721439957,0.901356656579152,1,0.0986433434208476,3.71515902727841,0.048643343420848
16,0.05,3,0,0,0.186161556893569,0.270953344053249,0.901346605551559,1,0.0986533944484409,3.71541154733961,0.048653394448441
15,0.05,3,0,0,0.186445606858561,0.271363157454433,0.90133821490566,1,0.0986617850943395,3.71569559718466,0.0486617850943399
14,0.05,3,0,0,0.186788244089281,0.271839866313362,0.901327909467677,1,0.0986720905323227,3.71603823421386,0.0486720905323229
13,0.05,3,0,0,0.187326979252029,0.272569291471158,0.901310008625763,1,0.0986899913742371,3.7165769689499,0.0486899913742369
12,0.05,3,0,0,0.189010937593753,0.274814865410973,0.901263137689048,1,0.0987368623109517,3.71826092641849,0.048736862310952
11,0.05,3,0,0,0.189494808109928,0.275452178226875,0.901175457795953,1,0.0988245422040473,3.7187447967679,0.048824542204047
5,0.2,3,0,0,0.175921331308025,0.258099090033118,0.900990325746376,1,0.0990096742536242,3.14792132040007,0.0490096742536239
10,0.05,3,0,0,0.189775469450261,0.275820372617405,0.900907389089386,1,0.0990926109106145,3.71902545801239,0.049092610910614
24,0.45,3,0,0,0.172743094772979,0.248179583823251,0.900852038706486,1,0.0991479612935141,2.2159930834016,0.049147961293514
23,0.45,3,0,0,0.173023333024655,0.251827960820465,0.900831573389803,1,0.0991684266101973,2.21627332165847,0.0491684266101969
25,0.45,3,0,0,0.180638805362154,0.254647742660873,0.90081584543713,1.00533384599972,0.0991841545628701,2.22388879371664,0.04918415456287
3,0.45,3,0,0,0.174134783023224,0.254870430596432,0.900815116941202,1,0.0991848830587985,2.21738477162234,0.049184883058798
7,0.1,3,0,0,0.181377983730804,0.265227606677261,0.900297836850277,1,0.0997021631497227,3.5248779733818,0.049702163149723
4,0.25,3,0,0,0.178107566995605,0.260798296046103,0.900182556932679,1,0.0998174430673209,2.9643575552609,0.0498174430673209
32,0.1,3,0,0,0.170451556965032,0.250373464210867,0.900093004557132,1,0.099906995442868,3.51395154916645,0.0499069954428679
24,0.4,3,0,0,0.173356418857725,0.250473199846063,0.900092734784654,1,0.0999072652153462,2.4023564069707,0.0499072652153459
31,0.1,3,0,0,0.170625764988174,0.250673273641575,0.900085924623346,1,0.0999140753766542,3.51412575715652,0.0499140753766539
33,0.1,3,0,0,0.170733218730572,0.250653906067511,0.900085668978963,1,0.0999143310210374,3.51423321063388,0.0499143310210369
25,0.4,3,0,0,0.178856477625844,0.254650781977809,0.900069357147144,1.00215082691674,0.0999306428528557,2.4078564655404,0.049930642852856
23,0.4,3,0,0,0.175228490880572,0.255396171328803,0.900065117955893,1,0.0999348820441073,2.4042284789427,0.049934882044107
3,0.4,3,0,0,0.177037288684169,0.258942686378262,0.900045938142302,1,0.0999540618576981,2.40603727668685,0.0499540618576979
30,0.1,3,0,0,0.172102066964919,0.252803767203902,0.900038219978308,1,0.0999617800216922,3.51560205855956,0.0499617800216919
29,0.1,3,0,0,0.173464979301556,0.254658035969495,0.900003247482497,1,0.0999967525175034,3.51696497084049,0.0499967525175029
28,0.1,3,0,0,0.176296484681406,0.258468854705055,0.89992109018225,1,0.10007890981775,3.51979647553246,0.05007890981775
27,0.1,3,0,0,0.180410081586642,0.263960757211015,0.899802266232896,1,0.100197733767104,3.52391007109456,0.0501977337671039
26,0.1,3,0,0,0.181588610335329,0.265518527470288,0.899772884424963,1,0.100227115575037,3.52508859949505,0.050227115575037
6,0.1,3,0,0,0.182500162651623,0.266717919185421,0.899750269647954,1,0.100249730352046,3.52600015153589,0.0502497303520459
9,0.05,3,0,0,0.191490158093647,0.278067320154224,0.899465520810401,1,0.100534479189599,3.72074014585479,0.050534479189599
24,0.35,3,0,0,0.174822382039011,0.253643524495467,0.899328707524081,1,0.100671292475919,2.58957236959115,0.0506712924759189
25,0.35,3,0,0,0.178277018100337,0.255892546490915,0.899316121234194,1,0.100683878765806,2.59302700551984,0.0506838787658059
23,0.35,3,0,0,0.17790056890136,0.259442181401727,0.899296176349656,1,0.100703823650344,2.59265055635524,0.050703823650344
3,0.35,3,0,0,0.180207109058463,0.263288053115347,0.899275378629933,1,0.100724621370067,2.5949570964328,0.0507246213700669
5,0.15,3,0,0,0.183438357407448,0.267900125742859,0.89921476780879,1,0.10078523219121,3.34118834503518,0.05078523219121
4,0.2,3,0,0,0.183566603855475,0.267985749503756,0.898922086356021,1,0.101077913643979,3.15556659106458,0.051077913643979
24,0.3,3,0,0,0.177152670268604,0.257702812240126,0.898559887813366,1,0.101440112186634,2.77765265721067,0.0514401121866339
25,0.3,3,0,0,0.178923808498619,0.258397607032145,0.898555999252445,1,0.101444000747555,2.77942379536483,0.051444000747555
23,0.3,3,0,0,0.181043058198746,0.26396962367905,0.89852472820516,1,0.10147527179484,2.78154304500523,0.0514752717948399
18,0.75,3,0,0,0.366501479227645,0.397004314528045,0.934936152679982,1.10149086407499,0.101490864074993,1.29525147922341,0.05149086407499
3,0.3,3,0,0,0.183645391197995,0.267907723816583,0.898503431623041,1,0.101496568376959,2.7841453779098,0.0514965683769589
17,0.8,3,0,0,0.378032948419238,0.405156065561693,0.93735963298127,1.10150627915997,0.101506279159966,1.1210329484147,0.0515062791599699
8,0.05,3,0,0,0.193357595632754,0.280500834694463,0.898052999256588,1,0.101947000743412,3.7226075825375,0.051947000743412
25,0.25,3,0,0,0.180821080776284,0.262191444090114,0.897788847630731,1,0.102211152369269,2.96707106702684,0.052211152369269
24,0.25,3,0,0,0.180359264012419,0.26266363186349,0.897786204763539,1,0.102213795236461,2.96660925029092,0.052213795236461
23,0.25,3,0,0,0.184659496488656,0.268982180039569,0.897750752875564,1,0.102249247124436,2.97090948260547,0.0522492471244359
3,0.25,3,0,0,0.187353290806006,0.272802900649567,0.897730090285598,1,0.102269909714402,2.97360327681995,0.0522699097144019
4,0.15,3,0,0,0.189479873879537,0.275641565530004,0.897657849128879,1,0.102342150871121,3.34722985993551,0.0523421508711209
5,0.1,3,0,0,0.191615548718542,0.278388018808789,0.897431625295559,1,0.102568374704441,3.53511553468223,0.052568374704441
7,0.05,3,0,0,0.195022448465645,0.282640718063188,0.897085431139093,1,0.102914568860907,3.72427243483135,0.052914568860907
25,0.2,3,0,0,0.183993961190159,0.267300495802037,0.897014517402104,1,0.102985482597896,3.15599394675634,0.0529854825978959
32,0.05,3,0,0,0.188301022627518,0.273821033064216,0.897010312029812,1,0.102989687970188,3.71755101153781,0.052989687970188
33,0.05,3,0,0,0.188338554994436,0.273847768303498,0.897009614841251,1,0.102990385158749,3.71758854382032,0.052990385158749
24,0.2,3,0,0,0.184454448788043,0.268538877908103,0.897007585643252,1,0.102992414356748,3.15645443434401,0.052992414356748
31,0.05,3,0,0,0.1884870156102,0.274080876187403,0.89700418565519,1,0.10299581434481,3.71773700438098,0.0529958143448099
23,0.2,3,0,0,0.188753468970504,0.274483582544119,0.896974229427697,1,0.103025770572303,3.1607534543529,0.053025770572303
30,0.05,3,0,0,0.189542962994291,0.275500717101912,0.896972419642733,1,0.103027580357267,3.7187929510182,0.053027580357267
3,0.2,3,0,0,0.1913319723292,0.277974795039875,0.896955347725989,1,0.103044652274011,3.16333195760772,0.053044652274011
29,0.05,3,0,0,0.19038870974806,0.276610540633267,0.896951461419771,1,0.103048538580229,3.71963869766773,0.053048538580229
28,0.05,3,0,0,0.192070226766781,0.278812186792592,0.896903999421917,1,0.103096000578083,3.72132021405397,0.0530960005780829
27,0.05,3,0,0,0.194459153936455,0.28192341163668,0.896836690795923,1,0.103163309204077,3.72370914019598,0.053163309204077
26,0.05,3,0,0,0.195132208585922,0.282793071992239,0.896820287287752,1,0.103179712712248,3.72438219460681,0.053179712712248
6,0.05,3,0,0,0.19564723900323,0.283456775022041,0.896807771827973,1,0.103192228172027,3.72489722484071,0.053192228172027
4,0.1,3,0,0,0.195850659616123,0.28376921319087,0.896389814254215,1,0.103610185745785,3.53935064441278,0.0536101857457849
25,0.15,3,0,0,0.188468517348618,0.273752209263282,0.896232853914694,1,0.103767146085306,3.34621850215333,0.053767146085306
24,0.15,3,0,0,0.189450826193777,0.27534178266312,0.896223955810877,1,0.103776044189123,3.34720081096132,0.053776044189123
23,0.15,3,0,0,0.193328609227944,0.280477614402067,0.896195136636475,1,0.103804863363525,3.35107859382684,0.053804863363525
3,0.15,3,0,0,0.195582609051141,0.283424627771766,0.896179196996373,1,0.103820803003627,3.35333259355489,0.0538208030036269
2,0.8,3,0,0,0.200822813557915,0.28905012307322,0.895775563411028,1,0.104224436588972,0.943822797489985,0.0542244365889719
19,0.8,3,0,0,0.207668647217124,0.295473249689336,0.895769396561678,1.00197343343581,0.104230603438322,0.950668631104559,0.054230603438322
20,0.8,3,0,0,0.272171337079523,0.357375292212126,0.895711046001007,1.02593047363388,0.104288953998993,1.01517132037552,0.0542889539989929
21,0.8,3,0,0,0.29004330033227,0.374864829749248,0.895692962507233,1.03230347183316,0.104307037492767,1.03304328277687,0.054307037492767
22,0.8,3,0,0,0.322134685366678,0.40675996974763,0.895658299299354,1.04330947392559,0.104341700700646,1.06513466016091,0.0543417007006459
2,0.75,3,0,0,0.201094400738047,0.289523596236839,0.8956549796394,1,0.1043450203606,1.12984438455167,0.0543450203606
19,0.75,3,0,0,0.206986632815496,0.295017540805091,0.895649704815115,1.00167880271746,0.104350295184885,1.13573661659018,0.054350295184885
5,0.05,3,0,0,0.200459796268397,0.289570166519833,0.895640808376943,1,0.104359191623057,3.72970978034014,0.0543591916230569
20,0.75,3,0,0,0.263073332065976,0.348635232689786,0.895599162168639,1.02403597793029,0.104400837831361,1.19182331536308,0.054400837831361
21,0.75,3,0,0,0.278759479653073,0.363953002235745,0.895583328445438,1.03001651866209,0.104416671554562,1.20750946240094,0.054416671554562
22,0.75,3,0,0,0.307112445579935,0.3921076811636,0.895552743224887,1.04039530773154,0.104447256775113,1.23586242367253,0.054447256775113
2,0.7,3,0,0,0.201405949697173,0.290037184505889,0.895534362670175,1,0.104465637329825,1.31590593339098,0.0544656373298249
19,0.7,3,0,0,0.206413890102169,0.294671518625258,0.895529913101021,1.00138394420579,0.104470086898979,1.32091387376278,0.0544700868989789
20,0.7,3,0,0,0.254634513578501,0.340558498059155,0.895486656837458,1.02213172535283,0.104513343162542,1.369134496852,0.054513343162542
21,0.7,3,0,0,0.268261730267918,0.353832475101882,0.895472939470591,1.02771485924103,0.104527060529409,1.38276171318732,0.0545270605294089
22,0.7,3,0,0,0.293077086124423,0.378449001175567,0.895446209303945,1.03745555307685,0.104553790696055,1.40757706628913,0.0545537906960549
25,0.1,3,0,0,0.194271808506066,0.281575095439632,0.895443696522255,1,0.104556303477745,3.53777179246038,0.054556303477745
24,0.1,3,0,0,0.195361325457513,0.283085928726793,0.895435238643366,1,0.104564761356634,3.53886130936312,0.0545647613566339
2,0.65,3,0,0,0.201757486225527,0.290590913855621,0.895413712478628,1,0.104586287521372,1.50200746979891,0.054586287521372
23,0.1,3,0,0,0.198388600151787,0.286968110961855,0.895413452979198,1,0.104586547020802,3.54188858391543,0.0545865470208019
19,0.65,3,0,0,0.205950611792941,0.294435377090413,0.895410021230289,1.00108885745143,0.104589978769711,1.50620059533831,0.0545899787697109
3,0.1,3,0,0,0.200106383186927,0.289153629090291,0.895401631092054,1,0.104598368907946,3.54360636687431,0.054598368907946
20,0.65,3,0,0,0.246861976069479,0.333152260788193,0.895373523201552,1.02021759425765,0.104626476798448,1.54711195930076,0.054626476798448
21,0.65,3,0,0,0.258560086794016,0.34451340143625,0.895361785786657,1.02539827219187,0.104638214213343,1.55881006979541,0.0546382142133429
22,0.65,3,0,0,0.280044088453777,0.365799599550545,0.895338681961362,1.03448971987049,0.104661318038638,1.58029406986752,0.0546613180386379
2,0.6,3,0,0,0.202149036142541,0.291184810290797,0.895293029040002,1,0.104706970959998,1.68814901959469,0.054706970959998
19,0.6,3,0,0,0.205596991243384,0.29430931078635,0.895290029013184,1.00079354200349,0.104709970986816,1.69159697467232,0.054709970986816
20,0.6,3,0,0,0.239762966666982,0.326423848320863,0.895259754308247,1.01829346036223,0.104740245691753,1.72576294984215,0.054740245691753
21,0.6,3,0,0,0.249664848313825,0.336006203050443,0.89524985733889,1.02306653026702,0.10475014266111,1.73566483133679,0.05475014266111
22,0.6,3,0,0,0.268029470990122,0.354175691764305,0.89523014508094,1.03149730101859,0.10476985491906,1.75402945311759,0.0547698549190599
2,0.55,3,0,0,0.202580625296887,0.291818899845722,0.895172312329515,1,0.104827687670485,1.87433060862664,0.054827687670485
19,0.55,3,0,0,0.205353222451829,0.294293514947075,0.895169936259335,1.00049799740961,0.104830063740665,1.8771032057623,0.0548300637406649
20,0.55,3,0,0,0.233344889787389,0.320380747778866,0.89514534305366,1.01635919666494,0.10485465694634,1.90509487289508,0.05485465694634
21,0.55,3,0,0,0.241586588118287,0.32832158042386,0.895137143804267,1.02071940013101,0.104862856195733,1.91333657112352,0.0548628561957329
22,0.55,3,0,0,0.257049814785522,0.343594065203125,0.895120581979477,1.02847777159887,0.104879418020523,1.92879979729128,0.054879418020523
4,0.05,3,0,0,0.202682285338511,0.292372206728591,0.895117950312232,1,0.104882049687768,3.73193226876035,0.054882049687768
2,0.5,3,0,0,0.203052279566537,0.292493208584318,0.89505156232235,1,0.10494843767765,2.06055226277262,0.05494843767765
19,0.5,3,0,0,0.205219500062367,0.294388185457873,0.895049742777734,1.00020222321585,0.104950257222266,2.06271948325366,0.054950257222266
20,0.5,3,0,0,0.227615311930043,0.315030610849624,0.895030282178068,1.01441467336146,0.104969717821932,2.08511529496159,0.0549697178219319
21,0.5,3,0,0,0.23433616392112,0.321470523131312,0.895023634581449,1.01835664213138,0.104976365418551,2.09183614688167,0.054976365418551
22,0.5,3,0,0,0.247122290808711,0.33407210703067,0.89500997537915,1.02543058798302,0.10499002462085,2.10462227348908,0.05499002462085
2,0.45,3,0,0,0.203564024858795,0.293207762600141,0.894930778993663,1,0.105069221006337,2.24681400794073,0.0550692210063369
19,0.45,3,0,0,0.205196019367859,0.294593518858331,0.894929448376734,1,0.105070551623266,2.2484460024386,0.0550705516232659
20,0.45,3,0,0,0.222581966662949,0.310381258869872,0.894914564261099,1.01245975775794,0.105085435738901,2.26583194961089,0.0550854357389009
21,0.45,3,0,0,0.227924728572301,0.315464320782377,0.894909318780258,1.01597801005852,0.105090681219742,2.27117471147001,0.0550906812197419
22,0.45,3,0,0,0.238264688984437,0.325627833851241,0.894898307378118,1.02235518690279,0.105101692621882,2.2815146717204,0.0551016926218819
2,0.4,3,0,0,0.204115887110355,0.293962588016466,0.894809962318577,1,0.105190037681423,2.43311587006692,0.0551900376814229
19,0.4,3,0,0,0.205282976312983,0.294909712345418,0.894809052864046,1,0.105190947135954,2.4342829592616,0.055190947135954
20,0.4,3,0,0,0.2182527598088,0.306440688114343,0.894798181716725,1.01049431418056,0.105201818283275,2.44725274266652,0.055201818283275
21,0.4,3,0,0,0.222363741300893,0.310314574503666,0.894794185210623,1.01358325089355,0.105205814789377,2.45136372412295,0.0552058147893769
22,0.4,3,0,0,0.23049544912477,0.318279923313231,0.894785559419204,1.01925098445533,0.105214440580796,2.45949543184869,0.0552144405807959
2,0.35,3,0,0,0.204707892287345,0.294757710986294,0.894689112272184,1,0.105310887727816,2.61945787511792,0.055310887727816
19,0.35,3,0,0,0.205480567497278,0.295336963776568,0.894688556046734,1,0.105311443953266,2.62023055032263,0.0553114439532659
20,0.35,3,0,0,0.214635774841357,0.303217075299895,0.894681126788054,1.00851820388148,0.105318873211946,2.62938575760207,0.055318873211946
21,0.35,3,0,0,0.217664979519605,0.306033208997268,0.894678222370982,1.01117210454361,0.105321777629018,2.63241496225561,0.0553217776290179
22,0.35,3,0,0,0.223833693905069,0.312047747810285,0.894671712256491,1.01611737504279,0.105328287743509,2.63858367657898,0.055328287743509
25,0.05,3,0,0,0.201431939379726,0.290798787996751,0.894646878252654,1,0.105353121747346,3.7306819223798,0.055353121747346
24,0.05,3,0,0,0.202199215535801,0.29178526217817,0.894641355461637,1,0.105358644538363,3.73144919849636,0.0553586445383629
23,0.05,3,0,0,0.203937174885702,0.293958960726443,0.894629156629695,1,0.105370843370305,3.73318715775791,0.055370843370305
3,0.05,3,0,0,0.2049044859792,0.295163038804891,0.894622642950827,1,0.105377357049173,3.73415446880604,0.0553773570491729
2,0.3,3,0,0,0.205340066385369,0.295593157692428,0.89456822882955,1,0.10543177117045,2.80584004908851,0.05543177117045
19,0.3,3,0,0,0.20578899017822,0.295875471672786,0.894567957731211,1,0.105432042268789,2.80628897287841,0.055432042268789
20,0.3,3,0,0,0.211739278502658,0.300718783315806,0.894563391541899,1.00653128494092,0.105436608458101,2.81223926116089,0.0554366084581009
21,0.3,3,0,0,0.213840551225785,0.302632485211288,0.894561418436081,1.00874430356379,0.105438581563919,2.81434053386751,0.055438581563919
22,0.3,3,0,0,0.218299264052191,0.306951410453106,0.894556745919684,1.01295373024085,0.105443254080316,2.81879924665361,0.0554432540803159
2,0.25,3,0,0,0.20601243542956,0.296468954347506,0.894447311965705,1,0.105552688034295,2.99226241800483,0.0555526880342949
19,0.25,3,0,0,0.206208442274322,0.296525435221781,0.894447257723239,1,0.105552742276761,2.99245842484832,0.055552742276761
20,0.25,3,0,0,0.209571726652259,0.298954367191859,0.894444967863138,1.00453341216521,0.105555032136862,2.99582170920217,0.055555032136862
21,0.25,3,0,0,0.210902908036119,0.300125013660804,0.894443761244164,1.00629957286488,0.105556238755836,2.9971528905755,0.0555562387558359
22,0.25,3,0,0,0.213912755929104,0.303011783502027,0.894440639676013,1.00975939759019,0.105559360323987,3.00016273844316,0.055559360323987
19,0.2,3,0,0,0.206739122368226,0.297287054281089,0.894326455827928,1,0.105673544172072,3.17873910481419,0.0556735441720719
2,0.2,3,0,0,0.206725025474625,0.297385127194061,0.894326361655652,1,0.105673638344348,3.17872500792096,0.0556736383443479
20,0.2,3,0,0,0.208141770360349,0.297932580316263,0.894325847448826,1.00252443698056,0.105674152551174,3.18014175279577,0.0556741525511739
21,0.2,3,0,0,0.208864858895204,0.298523768440763,0.894325238283486,1.00383762940587,0.105674761716514,3.18086484132522,0.055674761716514
22,0.2,3,0,0,0.210695561718442,0.300250549469507,0.894323371989514,1.00653369930432,0.105676628010486,3.18269554413339,0.055676628010486
20,0.15,3,0,0,0.20745826225729,0.297662380916504,0.894206021802056,1.00050420732234,0.105793978197944,3.36520824457296,0.055793978197944
21,0.15,3,0,0,0.207739584501029,0.297842101975199,0.894205836678119,1.00135818187051,0.105794163321881,3.36548956681459,0.0557941633218809
19,0.15,3,0,0,0.207381229709849,0.298160529381254,0.894205551849725,1,0.105794448150275,3.36513121202661,0.0557944481502749
2,0.15,3,0,0,0.207477862604888,0.298341702504558,0.894205377874361,1,0.105794622125639,3.36522784492123,0.0557946221256389
22,0.15,3,0,0,0.20866991242833,0.298690245123185,0.894204920477416,1.00327593088659,0.105795079522584,3.36641989473416,0.055795079522584
21,0.1,3,0,0,0.207540652493914,0.298093760550786,0.894085543173007,1,0.105914456826993,3.55104063468341,0.0559144568269929
20,0.1,3,0,0,0.207530263152921,0.298152938816683,0.894085482225568,1,0.105914517774432,3.55103024534259,0.0559145177744319
22,0.1,3,0,0,0.207858923966806,0.298354308644061,0.894085261863416,1,0.105914738136584,3.55135890615382,0.055914738136584
19,0.1,3,0,0,0.208134964219523,0.299146061729018,0.894084545592419,1,0.105915454407581,3.55163494640569,0.0559154544075809
2,0.1,3,0,0,0.208270972934345,0.299338706581439,0.894084360596776,1,0.105915639403224,3.55177095511958,0.055915639403224
22,0.05,3,0,0,0.208286646557144,0.299267130221156,0.893964371927545,1,0.106035628072455,3.7375366286155,0.056035628072455
21,0.05,3,0,0,0.208282033458878,0.299292900686394,0.893964344118216,1,0.106035655881784,3.73753201551741,0.0560356558817839
20,0.05,3,0,0,0.208367048939804,0.299413642486081,0.893964219815081,1,0.106035780184919,3.73761703099793,0.0560357801849189
19,0.05,3,0,0,0.209000526491164,0.300243853210481,0.893963436859132,1,0.106036563140868,3.73825050854502,0.0560365631408679
2,0.05,3,0,0,0.20910438260671,0.300376165757191,0.893963309797802,1,0.106036690202198,3.73835436465981,0.0560366902021979
18,0.8,3,0,0,0.405872936721827,0.434210355821802,0.936759695656308,1.11058733210906,0.110587332109055,1.14887293670999,0.06058733210906
